test_start,test_end,entry,exit,is_sharpe,oos_sharpe
2009-12-28,2010-06-21,1.0,0.0,0.4207355492159751,0.0
2010-06-22,2010-12-14,1.0,0.5,0.5444530964364299,-0.9300442880431949
2010-12-15,2011-06-08,1.5,0.5,0.34002456725029,0.0
2011-06-09,2011-12-01,2.0,0.5,0.11628618409369387,0.0
2011-12-02,2012-05-25,2.0,0.5,0.11628618409369376,0.0
2012-05-28,2012-11-19,2.0,0.5,0.1162861840936938,0.43862391770790565
2012-11-20,2013-05-14,2.0,0.5,0.14764754730080687,-0.7083018336043975
2013-05-15,2013-11-06,1.0,0.25,0.06488260553909951,-0.39245142182339593
2013-11-07,2014-05-01,1.0,0.25,-0.13656589764776964,-3.565289354328678
2014-05-02,2014-10-24,2.0,0.25,-0.17118262781992477,0.0
2014-10-27,2015-04-20,2.0,0.25,-0.17118262781992472,0.0
2015-04-21,2015-10-13,2.0,0.25,-0.17118262781992483,0.0
2015-10-14,2016-04-06,2.0,0.25,-0.17118262781992472,0.0
2016-04-07,2016-09-29,2.0,0.25,-0.17118262781992483,0.0
2016-09-30,2017-03-24,2.0,0.25,-0.17118262781992472,0.0
2017-03-27,2017-09-18,2.0,0.25,-0.17118262781992472,0.0
2017-09-19,2018-03-13,2.0,0.25,-0.29113625631130996,0.0
2018-03-14,2018-09-05,2.0,0.0,-0.4382938699361306,0.0
2018-09-06,2019-02-28,2.0,0.0,0.0,1.1312691227438085
2019-03-01,2019-08-23,2.0,0.0,0.35820006063556686,-0.11557337217922625
2019-08-26,2020-02-17,2.0,0.0,0.18567207557279622,-1.2148094244916285
2020-02-18,2020-08-11,2.0,0.0,0.07403031530246956,0.0
2020-08-12,2021-02-03,2.0,0.0,0.0740303153024696,0.0
2021-02-04,2021-07-29,2.0,0.0,0.07403031530246962,0.0
2021-07-30,2022-01-21,2.0,0.0,0.07403031530246965,0.0
2022-01-24,2022-07-18,2.0,0.0,0.0740303153024695,0.45125553832795373
2022-07-19,2023-01-10,2.0,0.0,0.08951298081349424,-0.7067762510965663
2023-01-11,2023-07-05,2.0,0.0,-0.02157404275426364,0.0587372959700087
2023-07-06,2023-12-28,2.0,0.0,-0.010014877608902748,-0.18943307834213655
2023-12-29,2024-06-21,1.5,0.5,-0.13369924280000411,0.0
2024-06-24,2024-12-16,2.0,0.0,-0.19416595066804918,0.0
2024-12-17,2025-01-02,2.0,0.5,-0.07856861525761447,0.0
