date,b0,b1,b2,b3,lam1,lam2,rmse_bp
2003-01-01,3.979263455128022,-0.9765605781307313,-1.3688224119268027,1.7105331143822908,3.4873982452634316,3.5405957155055496,0.5210925210488738
2003-01-30,3.5009065336688368,-0.8436027081569857,-1.581697438788075,1.730100300048247,2.746077314503378,2.8065123586715273,0.6488876757022854
2003-02-28,3.032841487594696,-0.8024107517256943,-9.674325201992902,8.804393917904306,1.5121080931790738,1.4486238361970893,0.9699977926040727
2003-03-31,3.222197999177567,-0.999160930522523,-17.425880096808484,16.92303298956241,1.0396630626013954,1.0290155385456679,0.6662982969281872
2003-04-29,3.1776441342794866,-1.1052868343012558,-18.233297605288488,17.608240382589926,1.3192537416693133,1.3029742591969546,1.0624740011045095
2003-05-28,3.138786415747765,-1.1391070467596893,-29.510571334637216,29.9991028147473,5.999999999999999,5.917738495979906,0.8854075117234935
2003-06-26,2.704172625980034,-1.4074874846247256,-29.108611719723903,29.829938059016218,5.999999998469827,6.00310828469008,0.509751227670615
2003-07-25,2.6529816433793,-1.4635486912695055,-29.425840605909446,28.48915202215681,2.264534615048483,2.2645334668251236,0.6046341252058144
2003-08-25,2.383311917108594,-1.183270464948911,-29.387408579184147,28.582100081596614,2.348410976400196,2.3484097751091944,0.8988633131590592
2003-09-23,2.3327052778542097,-1.1387135462002762,-1.1268361696605453,0.23695159769698673,2.1089724951421505,1.0498525429446677,0.7429846924673462
2003-10-22,2.699537062632332,-0.9783860033563471,-1.4071557091267444,0.17900096424141648,2.1629371516487534,1.000000000004611,0.6833782404162991
2003-11-20,2.0513119962399724,-1.1421076767691494,-29.66835479473964,28.516048906450415,3.3412009611330564,3.4043864380835585,0.9975044318892311
2003-12-19,1.801913911238623,-1.4180570558507992,-29.404798293633327,28.24491389880758,2.306118924240188,2.3061157134493913,0.7816257994643454
2004-01-19,1.9120003065886446,-1.2896920450729514,-29.18984237174748,28.153768266773636,2.1002472624906567,2.0887436767687206,0.8466194932014252
2004-02-17,2.027662923010657,-1.0708721997382706,-29.385223409876588,28.341276576207278,2.699987916533056,2.6999790812321334,0.5647873122883362
2004-03-17,2.1237338451444816,-0.8830879705715271,-29.47957220949867,28.498690343256907,3.2068534139679543,3.2391972184704856,0.42753555763144246
2004-04-15,2.0461951542685317,-0.8284796261399563,-29.48330581169604,28.058602668115373,2.462518052034257,2.462518654593853,0.7402488434791658
2004-05-14,2.234382900517469,-0.8524453070311994,-29.17850746512996,28.196597937393072,2.9208438788717106,2.943933877566241,0.5478495563906051
2004-06-14,2.19304276669503,-0.9893670549005242,-29.18092325372687,28.025451308714807,2.665840792493779,2.665842216711866,0.9748284102639764
2004-07-13,2.0346006379973827,-1.061017023300142,-29.18282830985104,27.894394162667407,2.4705469603768133,2.470546993424374,0.7698180884270669
2004-08-11,2.19187853116067,-0.9304700662916654,-29.034789953768552,28.101117161310615,3.103278881502032,3.1429701557034804,0.6608528903960751
2004-09-09,1.734881415223713,-1.0836059199479302,-28.92377934186735,27.469136502431162,2.6882513086307123,2.697763874304168,0.6510497173921498
2004-10-08,1.5750084006209106,-1.4226747344088138,-28.83418661164866,27.63481104585573,2.9683296879816585,2.994632268476788,0.7311645900337881
2004-11-08,1.2456262032767147,-1.2012509197099872,-29.99999997250491,28.73142293369103,2.812849074122809,2.8673923300104858,1.4230313057812254
2004-12-07,0.9934722572512933,-0.9917459495227969,-29.999999988959786,28.22181548532635,2.146657717811801,2.0609819437661057,1.827143061821801
2005-01-05,0.8133778035418586,-0.8068685014942911,-29.999999999180194,28.54643789997263,2.446352624112836,2.367921220051756,1.4019147909045313
2005-02-03,0.07685786016450537,-0.057844507341406476,-29.99999997050416,29.89252973409881,5.999993062229642,5.985059636136814,0.12952547114729318
2005-03-04,0.13963902047283702,-0.12172008103035968,-29.9999999999771,29.774014324211084,5.999999999968365,5.968537108614042,0.2737278362993397
2005-04-04,0.02000000000222739,-1.8368149391762142e-12,-29.883679115205524,29.883679115198426,5.999675734731834,5.9996757347305385,5.07561070137858e-11
2005-05-03,0.02000000000222739,-1.8368149391762142e-12,-29.883679115205524,29.883679115198426,5.999675734731834,5.9996757347305385,5.07561070137858e-11
2005-06-01,0.5472180401469323,-0.5301060563565934,-29.99999999974683,29.06694320224355,4.945793052782662,4.863368880048386,0.3460198720918521
2005-06-30,0.6790443315494196,-0.667407936345786,-29.999999940155732,28.79570669167626,3.548466740870542,3.4588293264970718,1.2068073308619636
2005-07-29,0.1307317579718286,-0.09094076335386204,-4.181684719806703,5.400401094647199,5.9999999999999964,9.345448955375028,2.144750353188143
2005-08-29,0.6274127235282744,-0.6113692651824094,-29.999999856248767,28.91835869144579,4.634269177247492,4.541950293929372,0.48529158581484494
2005-09-27,1.0809823112784298,-1.0356530531934571,-29.999999093898207,29.39626311485647,4.593890136292199,4.79041277738584,2.0701962549070045
2005-10-26,-0.9999999999999036,1.0389732178913011,-1.3073936969422892,5.548116007462654,5.999999999999999,17.957896116783452,2.7067814937058174
2005-11-24,0.7387962459193044,-0.6971808564430562,-29.999999989531783,29.74288793257621,4.679866662309907,4.858394269017922,1.7913213489377287
2005-12-23,1.0991918046880949,-1.0533009387550034,-29.999985121663553,29.028042364557614,3.555088890797698,3.652144323419881,1.742979305060853
2006-01-23,0.8349911707213137,-0.8320555924271477,-29.999991689049573,28.500904761292457,2.0937533660058385,2.021412667463811,1.956376777587105
2006-02-21,0.8547218797711565,-0.8461620641762195,-29.99999264170627,28.479383304458658,3.1318279659999693,3.0307406790611067,1.5044730506728081
2006-03-22,0.3919915936990079,-0.37852295533082225,-29.9999999996671,29.299253713944776,5.999999999999998,5.901677937141416,0.8662600804204994
2006-04-20,0.7022463842728125,-0.6849078321701642,-29.99999999636457,28.810170373052934,5.631107495960948,5.517042829327103,0.30808692861791015
2006-05-19,0.28683595180081484,-0.24838533271327617,-4.20448103396727,4.9500892807379415,5.9999999999998614,8.79950062031538,2.0350048207398928
2006-06-19,0.802676966024332,-0.7567755431812476,-29.99999996558963,29.88240336608906,5.461564602823715,5.741026191849865,2.8736157480264466
2006-07-18,1.3939160352641662,-1.338050532380768,-28.798947193720938,27.1396866402773,1.9824383004306392,2.012845901969606,2.1831832030374505
2006-08-16,1.3925967288463017,-1.3409524194851772,-29.9999994849193,28.608541223223504,2.7872615636711973,2.859777027494338,1.907434901934853
2006-09-14,1.8882784901718308,-1.7765769449195767,-29.021252901106287,28.53987680923747,2.668554346033327,2.6635942808041597,0.9359790559555616
2006-10-13,1.8077952727999804,-1.8242488593060648,-29.037277429498463,27.633333660810386,1.9227107401454366,1.9227126419951244,2.1687150213743878
2006-11-13,2.120499777276073,-2.0793175867812947,-1.2666591701428147,0.39695587833269835,1.8213928490458575,1.0000000070758963,0.5997432163657573
2006-12-12,1.4306536195937327,-1.3941624099451353,-2.92966461714408,0.8680502123470195,1.4751899898001286,1.000000000000034,1.9863889252681615
2007-01-10,1.498679449771036,-1.4722921696349371,-29.999999999999837,27.456627782357277,1.0391425037099653,1.0000000000000002,1.929618996741009
2007-02-08,1.4783493027983436,-1.4420487667652608,-29.586499775016588,27.763397891601453,1.5354583135365905,1.5354594193904698,1.3806265267980706
2007-03-09,1.2184276363996958,-1.197569874848996,-29.999999999999986,27.900072318152546,1.0350928418769505,1.0000000000050602,0.9550729487560843
2007-04-09,1.3901846792962564,-1.364707890895032,-29.999999999224553,27.703571305092257,1.032981376725215,1.0000000000000002,1.8836937959971407
2007-05-08,1.3158403856145773,-1.2835528367952243,-29.999999999980904,27.7718275789195,1.0310076495742422,1.0000000000000002,1.8223389267731154
2007-06-06,1.5104626495922135,-1.4954178955225739,-29.418887411004405,27.794764983026848,1.1187125562641735,1.1187145892762573,1.6159370453412953
2007-07-05,1.3846444958570083,-1.3376903666640003,-29.999999999999996,27.75757154484841,1.0214255902867613,1.0000000000000127,2.4080671683961232
2007-08-03,1.3784217999058903,-1.317183510592844,-29.999999999999662,27.969694649031148,1.0051213432741695,1.00000000000077,1.6653374844803985
2007-09-03,1.2817704768340876,-1.2279765968618366,-29.999999999994603,27.822733873223527,1.0214733229856117,1.0000000000000002,2.6933127262784473
2007-10-02,1.433289787033057,-1.3804432368397395,-29.746466327682235,27.82012953767911,1.044826077104083,1.0448188765047914,1.544550645042834
2007-10-31,1.4577490255438115,-1.4096509460894828,-29.764818746905664,27.850364965909815,1.0183841874831134,1.0183939309418655,1.6881446741688417
2007-11-29,1.7991357513501496,-1.8093750426423296,-29.54226461973211,27.891808008601306,1.0195510190505488,1.019551794973964,1.9709800884909132
2007-12-28,2.171973455610824,-1.7467728823366369,-28.558605381540726,29.570422798826396,2.532052821894478,2.5320525972797103,0.8223649613012087
2008-01-28,2.1396000191415316,-1.7416035438934805,-28.439259865747804,29.544658537030028,2.4230221304313297,2.4230224844718196,0.5638905439355666
2008-02-26,2.5104459459171373,-1.9602397130897542,-28.3169316130445,29.30892609886426,2.351572569850571,2.351573543981231,1.2859129671084903
2008-03-26,2.1045218209842456,-1.7796670131712813,-28.29875110104529,29.073182617565415,2.3075931954947526,2.307592820358558,0.929169819574251
2008-04-24,2.072642158752801,-1.8054537856601052,-28.260171222211746,27.915066383519864,1.4064169397004302,1.4141151487872992,0.40676162309742636
2008-05-23,2.0313808992065905,-1.7278515669425856,-28.234711609641018,28.317831691412895,1.7751401675053295,1.7863140824886228,0.5927105555630554
2008-06-23,2.2312719898577624,-1.826712766840651,-28.294108129159767,27.37881297475946,1.4984089443641786,1.48522991499639,0.8756422806141256
2008-07-22,2.2885776890851948,-2.2182154708408373,-28.48086718961246,29.460493851568007,5.654384307127158,5.518382809922819,0.6103117482100767
2008-08-20,2.220852246734037,-2.2961101069269616,-28.35212902279994,29.999990878342278,5.999968161314447,5.966934723011914,3.1736781544405455
2008-09-18,2.1554092988502043,-2.2255591524840233,-28.096414460469518,29.999999956948162,5.999999999841229,5.965312899597727,2.7659378888648374
2008-10-17,2.7408311380966452,-2.6393551712329146,-28.818646488595824,29.6435195701447,4.741448195341523,4.724764778361747,1.1874676298403912
2008-11-17,3.0479597675340857,-2.564925348779552,-28.75485966914546,27.973031975865098,2.501646580427656,2.501644707528053,0.8474927551281662
2008-12-16,2.8761592698063767,-2.488197684979919,-28.736438960672555,27.723726491317287,2.5599856949587814,2.5694172777808846,1.2255663196336866
2009-01-14,3.0829144067561387,-2.496360331235963,-29.999999997265444,29.869204852194226,3.562402294791861,3.610965805420377,0.5409861731582385
2009-02-12,3.1448547082958465,-2.4147978877914618,-29.24923577487418,29.996373553267745,4.768348112323341,4.7683507043282205,0.6262207757918469
2009-03-13,2.919913368467471,-2.6539568857677334,-28.777391394485676,29.999999980977762,5.9999999999440705,5.904440884535903,0.869843866027286
2009-04-13,2.5441489528504144,-2.6060214549478062,-28.201596076998168,29.984307043891295,5.999999999999737,5.971682422812096,2.1694963754130447
2009-05-12,2.596114804400937,-2.6292554673141715,-28.590723563085334,26.947701830179817,1.9624219137161103,1.9624257395918019,1.6033271663150748
2009-06-10,2.5305572988249745,-2.5582097342929933,-28.581178357089396,27.309949841778977,2.4136487949702925,2.4136474797572345,1.127013906892745
2009-07-09,1.7740194449515092,-1.713215047376142,-29.999993195684997,28.10132853526359,2.6452453114636794,2.719674015704469,2.308518396581986
2009-08-07,2.0634789058070053,-2.0533243186416885,-29.994730465111026,27.887641774976046,1.938674231112061,1.9386726147104876,1.8018274668065886
2009-09-07,1.7233721874212755,-1.7201484822286164,-5.322644599646311,2.5865174152139003,1.5671121664279095,1.000000000004858,1.9340076200041405
2009-10-06,2.103773605926452,-2.003752508497002,-4.268286960270569,3.0795600466848367,2.6036000252862808,2.603594282306132,0.8537545909476809
2009-11-04,2.243731490269594,-2.111207590202768,-4.225413155897131,3.137638342235243,2.6290948336274216,2.629102057233602,0.6586974636356316
2009-12-03,1.6868015147091175,-1.6332550056163917,-28.892897100869902,26.848227455398032,2.105972124138021,2.130613917498249,2.024376916031605
2010-01-01,2.070862740015679,-1.9671939774641751,-27.939730512204385,27.207617844660934,2.4988460226035945,2.498845378964131,0.58794666464622
2010-02-01,1.773936008327124,-1.7538599191536994,-28.124346296337585,26.157992126727752,1.6785889633701254,1.6785897613397662,1.7181494318758115
2010-03-02,2.4002696990266355,-2.0940906549300173,-27.75561156130944,27.03105675773273,2.7854622535200426,2.78546632454499,0.8083858229845022
2010-03-31,2.5126599406656136,-2.0550231327530635,-27.007421047100166,25.978994763371233,1.9294636613206306,1.9079514503334392,0.9009872617051402
2010-04-29,2.6961575174116543,-1.8618170849382707,-27.04161737634883,26.343047142615404,2.503980295153209,2.5039815197667123,0.8177105470785401
2010-05-28,3.2383203141897923,-1.6337023812665823,-27.04685062462243,26.490514423453686,2.8538512920482364,2.853847255127067,0.5647522072070181
2010-06-28,1.9302821126907923,-0.3104830858016971,-0.4471486228455079,2.8607425933010817,1.6009174464725884,17.36830492463417,0.4814405006549903
2010-07-27,2.5276628118937254,-1.4760838610378153,-6.54242156809707,7.548906700091114,5.90173613385253,6.16955880487441,0.927392686876338
2010-08-25,3.0097066792010443,-1.5742330281516657,-29.5998469059086,29.151221375854238,3.358651523238496,3.399809043423208,0.731936500677012
2010-09-23,2.6910559903912326,-1.8153388160085873,-29.068459623705284,29.655539063896605,4.427489582222738,4.406349203723479,0.4688094488246446
2010-10-22,2.6254793445066804,-1.5594505116840494,-29.101289009256313,28.312907387676802,2.2885500571868147,2.2885499393441906,1.09852718643108
2010-11-22,2.9447260772384674,-1.7209559176254072,-29.147863319520674,28.23189557689842,2.0093851128877067,1.9904841295076985,0.6398555879479543
2010-12-21,2.675275228105096,-1.6971100357821527,-28.910048534480058,28.137341330556417,1.8492555306259386,1.8423111110246815,0.2777402914574539
2011-01-19,3.002353051400562,-1.4616965910985598,-29.055499550887447,28.444230735890606,2.7355377522438267,2.7355354692032545,0.6983501574915358
2011-02-17,3.0958698935362365,-1.5217600073152628,-28.909424420637297,28.18892792454536,2.1061857083610565,2.106186828061716,0.7698766933803137
2011-03-18,3.339404589684158,-1.3829040683445926,-28.67817699393963,27.768669105943175,1.4211644406975172,1.4060821840011797,0.9557770906585834
2011-04-18,3.6107972859282036,-1.4779493307047933,-28.41982144444317,28.929410912082382,4.226918850047564,4.195430544922182,0.2995949303321632
2011-05-17,3.237800849984004,-1.479598602837159,-28.269352941976372,28.902064000372437,4.920197745586382,4.886462344746935,0.3561473602425052
2011-06-15,2.903507869451524,-1.141077076858169,-29.322233154592375,29.999999986062655,5.999999999998685,5.934711594719464,0.8093497448812705
2011-07-14,3.0443181429881427,-0.9237997135336563,-29.27641421364184,29.98132598065657,4.611992819365865,4.5545038601944565,0.6427763687967799
2011-08-12,2.978867024015033,-0.7207770721089197,-29.72819820865415,29.99999999999968,5.999999999999898,5.955266302155669,1.181401602830698
2011-09-12,3.2280568921422867,-0.883268981831693,-29.329250078386384,29.966412484451386,4.247344239720132,4.20196841189183,0.5316846214881131
2011-10-11,3.0507474504065133,-0.9274063738494912,-29.335827538883997,29.76490383541402,4.320729672303398,4.309601103714198,0.4752256329305494
2011-11-09,3.013742431792275,-0.8023762308440775,-29.691770566139386,29.212174526431443,1.6674351265241942,1.6531437828124136,0.8250298769218117
2011-12-08,2.826967354151735,-0.8212104135995897,-29.691443617320328,29.46401087942987,2.0913766852543194,2.0869102649428224,0.9271631213053932
2012-01-06,2.8594841194321625,-1.0084107361870196,-29.759338852787348,28.74033342790026,1.3881735445668517,1.3690779023723223,0.34007879836270444
2012-02-06,3.0917824781209293,-0.4031441776098048,-29.48416379468315,28.591869363101555,2.5128739029309037,2.5128582040009975,0.6997899970680337
2012-03-06,3.014066038170631,-0.49502610335726693,-29.438142798453164,28.9685927378858,3.245761745356868,3.271628892295165,1.0620475814817634
2012-04-04,2.7122180636896194,-0.43945337635751147,-29.138565862298698,28.801229936834325,2.5400565724954824,2.5400531291708686,0.8938940476509859
2012-05-03,2.8449505686509693,-0.6023842668440439,-28.85821279852036,28.950354173875155,3.276087159201017,3.26940944723235,0.4115790927366784
2012-06-01,3.0922298219723996,-0.6505664367489631,-29.05375508405327,28.959521716506178,3.128732690888355,3.1287338739565085,0.6593978205344267
2012-07-02,2.749592338710148,-0.5496308252539848,-29.02473296680638,28.3900539174411,2.1807302514986753,2.1807310582084067,0.48577324758892576
2012-07-31,3.0705766189007915,-0.3574959106094236,-29.020282649589436,28.38291038826389,2.1735623567558875,2.1694741831717232,0.7018962010285513
2012-08-29,3.0301508856253543,-0.4559087128419051,-29.038063156332576,28.60022191797665,1.623135527812542,1.6119485034651748,0.728430922734813
2012-09-27,2.9084255481865617,-0.4017628691337673,-28.967478835099172,28.577927627095693,1.252561215337905,1.2465693108514588,0.8436316058457328
2012-10-26,2.8841532871416864,-0.7441318183500407,-28.787774571829733,28.518171547593866,2.8689325460683954,2.868932674599313,1.3478498618169963
2012-11-26,3.4797822504576974,-1.0312365092912077,-28.867432198978822,28.39683066710279,2.545912210433342,2.54591363656157,0.4465726000904841
2012-12-25,3.2845391106095345,-1.0877593289227925,-28.672781922065806,28.22821968994531,2.052263686027021,2.053884290370949,0.8716748894519207
2013-01-23,3.259394348741537,-1.036660839659531,-28.66796737882338,28.436981369086258,2.5885305466664494,2.5885325580134038,0.9763603732530348
2013-02-21,3.522674598846818,-0.7027704662647479,-0.6098156054906754,0.23034022101358054,1.9945574287581178,1.0000000000000002,0.7034007880589623
2013-03-22,4.19798292633526,-0.8847084690551018,-0.3127349685303926,-0.11191799266310028,3.1358690667290703,1.0000000000000002,0.6953031037025439
2013-04-22,3.8589196222061024,-1.1972881220774974,-0.626789083754339,0.15419893014723593,2.3035759910224503,1.0000000000006077,0.788384373636489
2013-05-21,3.814416605787595,-1.2015381004028092,3.886994366699575e-05,-0.12998056262184662,2.7669044759587558,1.0000000000165592,0.6765123980934562
2013-06-19,3.87603686290609,-1.3791443985945566,-4.792246798914966,4.343756320476347,2.364148109215908,2.3288741762783602,1.0225678779267666
2013-07-18,3.540049378392735,-1.3191043888694753,-4.7309312501261385,4.204924909280991,2.5769445386675662,2.576942570581874,0.9105179835068724
2013-08-16,3.3329921753232643,-1.5532223139019816,-9.833822927127647,8.858303481210177,2.665560437064143,2.702391817738838,0.9170568336816174
2013-09-16,3.5810699977115847,-1.4898472615275014,-9.504384692575654,8.984404775860583,2.382229873927196,2.3822278246055837,0.9260806866236907
2013-10-15,3.3540089701709155,-1.7152291839543685,-9.449731449112349,9.087983282547356,2.5621285758954873,2.5621247353532923,0.7544529092006177
2013-11-13,2.9481265810716155,-1.6871818119571464,-18.142642013525798,16.99957229535316,2.085798458927911,2.059910214265908,0.5295829683834048
2013-12-12,3.017232339260821,-1.8763617050646983,-0.47595139373106343,0.07158772175973678,2.5196944596048185,1.0000000000006783,0.3610881366529057
2014-01-10,3.195209357119721,-1.8642801418892008,-0.06577543897109425,-0.3335154931856156,2.4917066882590904,2.2466012998282348,0.7262465154739061
2014-02-10,2.957463788343065,-1.720288842352351,-0.5480271491988618,-1.3321776851548817,0.8268187676829366,1.6166714934108881,0.32880100247577226
2014-03-11,2.8320339229243565,-1.8585529375939567,-0.9593938912067266,-1.8973754233931606,0.48833754403915614,1.4248130873101241,0.1762055037984828
2014-04-09,3.269569571601664,-1.8319876265994548,0.00046384076858331025,-1.0215815101750303,1.513210465733664,2.001518618743766,0.6538682432975325
2014-05-08,3.0941438793456126,-2.1056160369623584,-0.6697397383712625,-0.4254166181523882,1.8215182072492417,3.436963933053528,0.6132799033520179
2014-06-06,2.93739909431839,-2.0955780879198938,-0.6486080744607243,-1.708516655172425,1.0295847959101727,2.0016805224840106,0.3907130138265215
2014-07-07,4.29515611921213,-3.823243934070913,-1.127353763956444,-4.590665974769059,3.727683047521361,19.999999999999996,0.8282339049043239
2014-08-05,1.6513715073362478,-1.08282507706792,-0.7845384032915468,1.8770068886463078,1.5563946755555906,18.92506860203753,0.41345776404894446
2014-09-03,3.5912419882618103,-2.7760290407441945,-1.5393538219429495,-2.8501916097023594,2.625955767293269,18.420747213755003,0.6522412097851552
2014-10-02,2.2774139745023025,-1.696801734940867,-0.8798243018614251,1.2357041900161307,2.0975717851397024,19.999999999928146,0.3935249626340088
2014-10-31,3.6271664361800426,-2.436509653713415,-1.4232357779970919,-1.0238308832223382,2.8158894316821206,19.999999996661472,0.5509890163605682
2014-12-01,2.8254309343869037,-1.3855930019135985,-1.2833486954899262,1.40391793719931,2.3293190908319046,14.284053377688512,0.6707835384478744
2014-12-30,4.307257158838949,-3.34391410434706,-1.8204788487322967,-2.815254622183758,2.9059193742770573,19.999999999999996,0.6201271229699142
2015-01-28,3.851147437664087,-2.6037152106855816,-1.4591010650387084,-0.9059286680937896,2.61713434913186,19.9999999999991,1.104167759062274
2015-02-26,2.2456476963740375,-0.4962531572088429,-0.6211695221833418,4.304137019750275,1.0833510749245927,18.041146473916598,0.7478951291100334
2015-03-27,4.813328441707704,-2.8489962041853083,-1.7169754242866655,-1.9735667127558632,2.905910556602147,19.999999999999996,1.0266666744740076
2015-04-27,5.110097949913044,-2.6305375830214515,-1.249441427320569,-1.0009165468655357,2.7723849270741634,19.999999988928444,0.9243175098181589
2015-05-26,4.058417186860474,-1.6161629410020986,-0.8986722388062105,1.5284458383001551,1.7644542860352794,19.999999999999826,0.9469801737835022
2015-06-24,3.6379070299155996,-1.0269595044735764,-0.6224338050015636,2.6338122676333957,1.3680001716984622,18.34563290875612,0.6465361691087217
2015-07-23,3.6673285381990577,-1.1593333940997104,-0.722749854154361,2.582257184475749,1.4952259902467397,19.24799473326098,0.8240125941105545
2015-08-21,4.4366882411835435,-2.1980487478158994,-0.9964336488879796,0.23403332038383126,2.595221272685528,8.923821538453918,0.4199591825297542
2015-09-21,4.002144023929878,-2.122976236580123,-7.908829178645756,9.09175727675668,5.6303472364208735,5.750222137261553,0.8291992570614359
2015-10-20,4.010542719283861,-2.358853236155602,-28.85880417549688,29.999999999989054,5.999999999999999,5.956869636918605,0.9845000564938801
2015-11-18,3.2795647272246593,-1.2049347912884232,-0.8140537005977073,2.707748153553066,1.9140558315019172,16.78091674105535,0.4291428453604893
2015-12-17,3.438250981054982,-1.2581771947058973,-0.6689386373689575,2.8800733679159007,1.812006950859169,16.459243836998102,0.3937314406835208
2016-01-15,4.8757955465953255,-2.910733016411362,-1.0780045343261433,-1.7599004674858543,2.778479839522077,19.307881482416164,0.6902110613342872
2016-02-15,4.84323533909727,-3.0015178531090085,-0.8567438110043643,-1.8858510514828433,2.9359816366035427,19.999999999999876,0.5248182694539464
2016-03-15,3.389220005471288,-1.407132393532771,-0.8952078647158771,2.2935192210542383,1.5067541242996842,18.795182379079034,0.8104581168890899
2016-04-13,3.702265381873785,-1.315360604672659,-0.746286405632865,1.2021619636410474,1.3316081710797356,17.71367954751035,0.6799781144937418
2016-05-12,3.9660445046030453,-1.392962371864406,-0.46254708817170753,0.8510192943109303,1.6622387042135343,19.999999999999996,0.4106501499836614
2016-06-10,3.344744562779952,-0.8231699047960714,-0.6000598957956232,1.882082600608795,1.0416073313976961,16.73695940522192,0.3252244256928016
2016-07-11,3.414298038898261,-1.1299524960944898,-0.5370978468516697,1.2610573572070392,1.6715503163074674,19.999999287580874,0.9848415121935126
2016-08-09,3.7923962806186435,-1.3513776440311662,-0.9843345351930401,-0.872825978955747,2.457308808512804,14.514223573230174,0.5020551210440133
2016-09-07,2.621932179153875,-0.43882455686936056,-0.3890629479401266,2.386510980718205,1.3544385800555352,16.673776187636534,0.7330754561376506
2016-10-06,5.140470938374643,-2.8344703634982817,-0.8694052057367744,-4.2473723391404095,3.9143275661334718,19.99999999996028,0.6892014663650801
2016-11-04,2.6638823657558404,-0.6696577895643548,-0.5111850103108229,1.9435234475979017,1.3485478917649123,16.50695645603441,0.6863938833543161
2016-12-05,3.9284079899940014,-2.246312383106803,-0.2852494300113279,-2.3163106682534487,3.433994799239302,19.999999999999986,0.8807588224177981
2017-01-03,3.976827519840366,-2.071160712684095,-0.7567127326676405,-2.227600332673816,2.5863135925616776,18.050611014876463,0.5644320289995367
2017-02-01,3.6755810467483743,-1.0489269051115113,11.940075622340121,-11.497945190096146,4.099537084486685,4.148746773793915,0.7242195444306339
2017-03-02,3.636635627261449,-1.159806899540234,24.049700225074947,-23.307489773509623,4.998383115236539,5.126085946043084,0.8020743895565315
2017-03-31,4.258060381185319,-1.4597114452397428,-3.5324622547084077e-07,-0.622771686224519,2.1983160111699935,11.741648706764382,0.431035223995381
2017-05-01,3.8996800820640725,-1.397635225748626,2.0203032702991055e-05,-0.45461927965544824,2.2864852324707137,18.06748305415966,0.6579745157957064
2017-05-30,4.210975225182156,-2.0176774372199446,2.012783902704644e-05,-2.2953357408130137,2.5662732865828928,15.853127048162996,0.7157094755725503
2017-06-28,3.119939085850763,-0.8312239936057193,0.06140497235114601,0.6574613467817795,1.494020266733069,12.151069634563605,0.9937344604652544
2017-07-27,3.080665479653626,-0.6360989088415133,-0.33124155406569583,0.7416802288452621,1.629801029923357,17.641897474221757,0.46988270314479935
2017-08-25,2.8278869934323043,-0.5887224309183563,-0.3455254431805958,1.216184210755687,1.3725408678124058,19.999999999999996,0.8815880158724599
2017-09-25,2.7905105001746824,0.2465796096265955,0.21617785769100217,2.3919157113620177,1.9720061772215813,13.753378946495666,0.39751320718794547
2017-10-24,2.879880033970161,-0.014527639995840348,0.587193399903749,1.59137458779925,3.385253282661324,19.999999999999996,0.41549589005307563
2017-11-22,3.7798245226761513,-0.6386218431532269,1.2604286936643733e-05,0.17178281979708615,1.8204090186794408,19.99648354377815,0.9824323362769187
2017-12-21,3.6477221253266507,-0.40648077972646557,-0.30985031118783146,0.2216032914284603,1.1501737094708466,19.999999998831186,0.4463239780447315
2018-01-19,3.7622636541273944,-0.4117535872588283,-0.37826877364829464,-0.23670475972314656,0.8863082605201524,19.999999999999996,0.6193153413334911
2018-02-19,3.3178395226599133,-0.17936096700165563,-0.16628121774483973,1.0780914395018188,0.8575726062184228,16.465307120091552,0.8498359570018318
2018-03-20,3.5208195717603044,-0.4566411028006986,-2.375472780900784,2.523193903600119,3.7780840780874736,3.839352567644371,0.5275827729828626
2018-04-18,3.6223932903231826,-0.6008755290049318,-2.523054670848421,2.364825391715312,2.4346561616655378,2.4346644756323164,0.6640285093757974
2018-05-17,3.7529589866552184,-0.655589230416897,-3.1284309761559705,3.209756806635966,3.4832332127061014,3.4277806391796255,0.5683124369758341
2018-06-15,3.4299625267292213,-0.6731057462737117,-2.8484376810227228,3.26310476544661,4.915410288920097,4.9153958630623995,0.8044716366081626
2018-07-16,3.6982713183377056,-0.6278721275638208,-15.856443321965193,16.267400418000573,5.954828992163457,5.837528861400854,0.6417332117329293
2018-08-14,4.042067136932324,-0.6306693162715522,-0.10523919115550438,0.5584596706407855,5.999999999999999,3.1417120940873873,0.7001606287818531
2018-09-12,4.370040600056028,-0.8219613398808865,-4.007277635396828,4.787749290982241,5.99999999993947,5.021474879278508,0.5041449913068848
2018-10-11,4.5777781527649575,-0.663251188345219,-18.871612706037617,19.337195930662972,3.800978992113035,3.7640406190184965,0.47616176796508103
2018-11-09,4.919462201048094,-0.908164063968441,-21.85686738856279,22.43810234534555,4.672795877841041,4.600746484539785,0.822506227330851
2018-12-10,4.651910972603323,-0.7923476206817388,-21.665074060880105,22.68251864053059,2.4863931556660472,2.4863902307429138,1.135298578004604
2019-01-08,4.704289241257784,-0.7125447296578443,-21.737237636160557,22.22649784722937,2.646877776392248,2.6468783936092852,0.7525487386167513
2019-02-06,4.842717668743364,-0.9073682948737574,-21.72589161977466,22.29209060943146,4.040607918392946,3.9925389991425244,0.9116716970442542
2019-03-07,4.7263788365263535,-1.0904176440343079,-1.6082212928179995,2.611666902564635,5.999797740191754,4.61221662011169,0.3420761294556607
2019-04-05,4.126261012848101,-1.4235137599457275,-0.011227095811405333,1.4379828958151994,5.999999971474265,3.3130674007577325,0.7355616767582189
2019-05-06,3.5263522122335536,-1.3250295824471614,0.8627837942087514,0.7119503077398252,5.9999999999999805,2.4704092397682156,0.7214640922510867
2019-06-04,3.3797377881638,-1.1896196079718977,0.5803215544219771,0.8153495698916015,5.999999999999999,3.0076919116612686,0.8795183800997386
2019-07-03,3.22719640441494,-1.1977041218079532,-0.0625330021172874,0.9795912033292219,5.9999999988131645,3.5365376496290555,0.4619802466231516
2019-08-01,3.455642465465223,-1.175828874814173,-18.975019790494663,19.69886807221589,5.999999999999999,5.869156188187665,0.9604904590310536
2019-08-30,3.0231345485375734,-1.1926573919954897,-18.867219138964323,19.19594804473833,2.900449454046592,2.900450022443401,0.5631918160745484
2019-09-30,3.2165576782104903,-1.322260551228489,-18.97434818236381,18.599420923420173,1.6632756131392084,1.6632782738364966,0.8257915659597312
2019-10-29,3.259545775038075,-1.2882030597916037,-19.024638554233103,18.729566715322267,1.9510491608461225,1.9468330029816667,0.7784902325573616
2019-11-27,2.993120375366401,-1.5275870754005367,-18.923794529166766,19.03196912343525,3.5369578428622583,3.5215610030589444,0.6553761657049648
2019-12-26,2.830020954304404,-1.5331543022601009,-19.286205553539407,18.080227195339912,2.478866134463337,2.4788686127999258,0.6689924328508526
2020-01-24,2.5305596077972177,-0.6180929021750293,-0.6630347473470586,2.4765638114810895,1.9507087972918196,17.352522358848812,1.0411715009531617
2020-02-24,2.5151586627683926,-0.849117482503208,-0.9327907608222331,1.614385271855757,1.9900225177752446,19.999999999999996,0.7464167963645497
2020-03-24,2.0776947696668495,-0.9212575464469223,-0.8019223006179053,1.9086394260917794,1.803343953120438,19.999999999999996,0.6566255410451574
2020-04-22,2.8383080247442356,-1.383437973692685,-7.048437274816008,6.091174097797434,2.929511253580572,3.0481852363811144,0.87830345042384
2020-05-21,2.8662069387246913,-1.4732766577407777,-29.999999901018857,29.150289067880806,3.06050370136639,3.090307466544795,0.5061007505347207
2020-06-19,2.571309949509013,-1.5852602225866335,-29.98492086239828,28.69573245939643,2.680938363761686,2.701049528987427,0.46100983939989854
2020-07-20,2.7179624537922265,-1.5567012940880407,-29.99999939786626,28.385815692083064,3.0052674640662644,3.046250556498,0.8800445878777194
2020-08-18,2.313862537735267,-1.5629499899518755,-29.9448074559159,27.823613215027134,2.490444066883949,2.490444832576361,0.5864413376092155
2020-09-16,2.4301394849557196,-1.3975674078329265,-29.730130970038058,27.845473580934613,2.553624396321608,2.553622010058968,0.4633601351466363
2020-10-15,1.0039881151074141,-0.39444352461941307,-1.2288632737357994,2.8037261580578265,2.110161615638102,17.15594544422226,0.477002756911265
2020-11-13,3.2529081174545786,-2.206696437785761,-1.642833331139287,-2.449212663133919,2.955802130231557,19.999999999999996,0.6816083382727254
2020-12-14,2.147581178932718,-1.3136733014683468,-0.7821628985117162,0.46734079684628616,2.762234286080063,9.987124426063351,0.7951180673351046
2021-01-12,2.2146584287897277,-1.3662639838824797,-24.723926161437458,24.665601963433343,3.9366478433153715,4.000823680191058,0.5728341106526224
2021-02-10,0.8176398719508369,-0.6681573484000609,-0.5274735776637572,2.9722420751958296,1.6208130426681693,17.3043000534274,0.7317027759565928
2021-03-11,1.4883463463284277,-1.1508508387828804,-1.2656446618022117,0.21523984416851066,2.4002020332547698,6.484066109238187,0.25044680633435557
2021-04-09,3.222456227094017,-2.638823239887429,-2.316355428901958,-4.50506117745427,3.111509368419659,19.99999999999985,0.6198876285995093
2021-05-10,2.4531568838350473,-1.4737510855875133,-1.0933692789862717,-1.5764145337773134,2.7535150391413605,19.999999990216217,1.0204950780796955
2021-06-08,2.7337716693419813,-1.4108242527530623,-1.3524298726526065,-1.0753683503394766,2.6306774525465024,19.999999999999996,0.7297972412764778
2021-07-07,2.2404440046659038,-1.1123155565446434,-0.6361158760427846,-0.3973485640538778,1.933105444971802,4.914352325531691,0.7637823161714217
2021-08-05,2.444968598443202,-1.323399332741677,-1.0155054915272592,-0.7586454979638835,2.1453637274501007,11.45915059488016,0.5000405083178903
2021-09-03,2.1850254927734363,-0.7702752525395338,-0.4517346126187346,0.8035679684402169,1.7464069855561455,16.646323088077914,0.6228829317244436
2021-10-04,3.5810759757274684,-1.7924582798572017,-0.413289825021898,-1.7536662578782463,2.4891132866127044,16.184451789155474,0.43392576886804163
2021-11-02,3.0180248578471316,-1.0587560405106375,6.320416159003682,-5.57676127992951,3.82930928129693,3.9817582013876214,0.7433685999248743
2021-12-01,3.3334556093775793,-1.500946571512799,-7.381343820289101e-05,-0.7965292956248889,2.0853619908536554,14.113212097794044,0.6769683042902928
2021-12-30,2.459185547510769,-1.0716381963698849,-9.981980894045631e-06,0.6153550174326486,1.6714187761943995,12.488494081743653,0.33533620560420657
2022-01-28,2.9513559157182376,-1.2746995509725612,-0.38858149101090805,-0.5219608276011289,1.3826214801694527,10.831427618328036,0.5955983651926989
2022-02-28,3.050716541933607,-1.4481669378248452,-0.2617980849056879,-0.4360580359954071,1.5540821890620928,15.02838562935474,0.7874612811919732
2022-03-29,2.8214794362124147,-1.155097833047246,0.11579583846689445,-0.11812312472778247,2.28853752847415,8.243946731547949,0.4532710588882938
2022-04-27,2.9934728741111143,-0.9038444723062873,0.05188340184158304,0.35066174949577955,2.5587724408545047,10.561562626495943,1.102940191359929
2022-05-26,3.566365259999113,-1.2792115706488971,-0.600506813425789,-0.35614475154806663,1.818981424017663,8.072252783159154,0.45012246363405617
2022-06-24,1.5838181609247082,1.0919949984358714,1.299475281978186,5.685419952375489,4.067249233547724,19.999999999996767,0.7795496743586569
2022-07-25,3.788495897585903,-1.8191288131108034,-6.963517740845433e-05,-1.0108200285274977,3.5574264212122055,17.939838209004016,0.3962348181192705
2022-08-23,3.432183869806113,-1.5518610969504103,-0.7382823834606238,-0.133382135650446,2.3832175028528124,8.331485765401037,1.188984765927541
2022-09-21,4.76668124685979,-2.8835740492674358,-1.2873981664936,-4.7015355484375725,3.4365970759128093,19.999999999999996,0.7105399200855808
2022-10-20,4.75337440132753,-2.72025652768647,-0.8024870840705652,-4.087264336712437,3.6924938024434817,19.999999999998465,0.9913066542226426
2022-11-18,2.941134561536174,-0.46701435875567415,-0.38249841352860914,1.747071400254077,1.133445248480915,19.737911319667553,0.9385328403393555
2022-12-19,3.183546508331867,-0.6790000280325968,-0.3790144034922603,1.5378784572842525,1.2838984881600113,17.489799288036988,0.43984851341321685
2023-01-17,3.227749611122082,-0.6106619215161238,-0.4295704579839382,1.964080627232872,1.1655591975402855,17.60968788980809,0.6320206990987662
2023-02-15,3.3176638616163237,-0.6043372425407174,-0.33093516099454734,1.2062756016039595,1.11773384284218,16.639241116541488,0.5733037532808962
2023-03-16,2.7451832980226922,-0.3933592491427172,-0.37786035925333017,2.1521471058026322,0.9751649984029237,18.35597550279733,0.8047578530637769
2023-04-14,3.90024163304771,-1.3475139079358698,-16.084121714228488,16.198601168714667,3.2938067551544488,3.323547677862226,0.5154646141341246
2023-05-15,4.250905774265838,-1.686831316972849,-15.95335531023677,16.138525570483743,3.053679413303853,3.0511467846778313,0.8360636135042079
2023-06-13,3.709332884035617,-1.7148819675040772,-15.969878628341327,16.70700864968117,4.928221069755286,4.821307996515722,0.5450860953582637
2023-07-12,3.572791225978824,-1.5193482238716043,-16.323987425016256,15.826065790378962,2.2886709451308938,2.2741757968946614,0.812736410084476
2023-08-10,3.4933655749253676,-1.8355162200993813,-16.055290515158674,16.60914868298953,3.7852445234230245,3.7351862753834792,0.8186818584513315
2023-09-08,3.433282593186153,-1.9110441821132047,-15.861607513855187,16.150384322009593,2.3690933314282985,2.369090634958321,0.7163844631226514
2023-10-09,3.612915906160009,-2.1256981574673777,-16.114907430988765,15.87312210390047,1.7959922710403515,1.7959919216792068,0.7955024111949285
2023-11-07,3.280549606424041,-1.8992788624020116,-15.9123250723977,16.573746473596337,2.4783048187929393,2.478305229090616,0.961678436426178
2023-12-06,2.9129691712055026,-1.935233123314648,-15.937723300913651,16.596239417487823,2.400291532637235,2.400288474694708,0.5372855413555241
2024-01-04,2.8190221187121582,-2.000087412149219,-0.7858681897996517,0.07475169756609355,1.2277208206852668,4.067762179265038,0.7121276180110061
2024-02-02,2.9100002945912644,-1.500386512077911,-21.464336720825823,21.985662953126113,2.02990467464095,2.046251284309864,0.9492704678846294
2024-03-04,3.0482687791142475,-1.3461761940510728,-21.79594042436799,22.1654929169819,2.5766798341791786,2.576687642214682,0.663359981465049
2024-04-02,3.337889456537051,-1.3636434101252284,-21.6522285120911,22.03325141908627,2.2518058342140823,2.251801515996341,0.9222915283085699
2024-05-01,3.470540341432267,-1.364083220768423,-21.86374736958393,21.634338181831282,1.6979438290308713,1.7031733310006196,0.62310274181199
2024-05-30,3.32997747405143,-1.242269388106686,-21.824709031457896,21.6135376790559,2.26740415466903,2.2674056095852886,0.7088190649711499
2024-06-28,3.234497606828076,-1.4518379905319128,-21.82838925662006,21.176252136857997,2.5977632044515846,2.597760207775875,1.0527962239647226
2024-07-29,2.985675016973869,-1.7509515727892702,-21.575689850696275,20.856782243375527,2.096802410444337,2.096803754877957,0.7444546644101193
2024-08-27,3.2408979250646452,-1.6483489263308901,-21.616830575467286,20.865393192794734,2.304768205356721,2.304768486281826,0.9159480866319134
2024-09-25,3.0293315634462012,-1.364232927114232,-21.54652468016711,20.98228603230213,2.440610475499926,2.440609989860596,1.1432285560748545
2024-10-24,2.698817158230566,-1.5780145413522462,-21.46158233516547,21.061019762963156,3.1799697175008674,3.1799721885150136,1.1114616375914976
2024-11-22,2.6447456423079805,-1.703019561501154,-21.481193311718105,21.109570978191908,2.8703827621463645,2.8828562748037827,0.7243170905933336
2024-12-23,3.3214742345128254,-1.6413681410224832,-21.91590008831241,20.84721617934799,2.5590447214158876,2.5590455699836654,0.9902706182348784
